{"cameraMode":{"drawMode":0,"name":"Shaded","section":"Shading Mode"},"sceneLighting":false,"audioPlay":false,"sceneViewState":{"showFog":true,"showMaterialUpdate":false,"showSkybox":true,"showFlares":true,"showImageEffects":true,"showParticleSystems":true},"in2DMode":false,"pivot":{"x":-1.9800000190734864,"y":-0.5,"z":-1.109999656677246},"rotation":{"x":0.7561392188072205,"y":0.0019632214680314066,"z":-0.0022684503346681597,"w":0.6544039249420166},"size":1.5294352769851685,"orthographic":true}